,,HDBSCAN;min_cluster_size-4
ACTN1,S6s ,12
BAZ2A,S1783s ,63
BRCA2,S93s ,63
C12orf45,S178s ,63
C17orf49,S96s ,63
C6orf106,S215s ,63
CD3EAP,S287s ,63
CENPC,S177s ,63
CENPC,S73s ,63
CENPC,T130t ,63
CHAMP1,S572s ,12
CLU,S133s ,12
DOT1L,S834s ,63
DPF2,T176t ,63
DYNC1LI1,S421s ,63
EHD1,T468t ,63
EIF3H,S183s ,63
FBLN2,S578s ,12
FKBP3,S152s ,63
FLNB,S983s ,63
FN1,T2256t ,12
FOXK1,S213s S223s ,63
HEBP2,S181s ,63
HIST1H1E,T4t ,63
HMGA1,T39t T53t ,63
HMGA1,T42t ,63
HMGN4,S80s ,12
HNRNPK,S216s ,63
ILF3,T592t ,63
LAMTOR1,S27s ,63
LIG3,T209t ,63
MBD2,S181s ,63
MEPCE,S254s ,63
MICAL3,S1704s ,63
MKI67,S1937s ,48
MKI67,T1315t ,48
MKI67,T1557t ,48
MKI67,T1801t ,48
MKI67,T2406t ,48
MRE11A,S676s ,12
MSH6,S309s ,12
NCL,T121t ,63
NOLC1,S518s ,63
NOLC1,S653s ,63
NOLC1,T617t T620t ,63
NPM1,S70s ,63
NUCKS1,T179t S181s ,63
NUDT5,S3s ,12
NUP98,S822s ,63
OCIAD1,S113s ,63
PI4KB,S266s ,63
RANBP2,S2606s ,63
RANBP2,S3207s ,63
RPL12,S38s ,63
RSF1,S397s ,63
SETDB1,S1066s ,63
SVIL,S1120s ,63
TCF20,S1335s ,63
TCOF1,S156s ,63
TCOF1,S583s ,63
TCOF1,T249t ,63
TERF2,S365s ,63
TERF2IP,S154s ,63
THRAP3,S211s ,12
TP53BP1,S1623s ,63
TPR,T1672t ,63
TRPS1,S103s ,63
UFD1L,S247s ,63
WRN,S1133s ,63
XRCC6,T455t ,63
ZC3HC1,S24s T28t ,63
